מספר סידורי,שם העיר,שם השכונה,כתובת,שטח במר,תאריך העסקה,מחיר העסקה,גוש,סוג נכס,חדרים,מחיר למר
1,כפר סבא,הירוקה כס 80,אנגל 33,114.1,2025,3270000,7621-558-36,דירה בבית,4,28659
3,כפר סבא,הירוקה כס 80,סוסנובסקי 6,136.3,2025,4210000,7621-436-43,דירה בבית,6,30888
4,כפר סבא,הירוקה כס 80,0,91,2025,2960000,7621-482-83,דירה בבית,3,32527
6,כפר סבא,הירוקה כס 80,סקיבין 4,160,2025,4340000,7621-442-12,דירה בבית,5,27125
8,כפר סבא,הירוקה כס 80,לוונברג 2,135.6,2025,4625000,7621-562-2,דירה בבית,5,34108
9,כפר סבא,הירוקה כס 80,0,102.93,2025,3700000,7621-559-13,דירה בבית,4,35947
10,כפר סבא,הירוקה כס 80,אוסטרובסקי 1,135.05,2025,4640000,7621-458-52,דירה בבית,5,34358
11,כפר סבא,הירוקה כס 80,שיינפיין 20,142.2,2025,4600000,7621-479-35,דירה בבית,6,32349
12,כפר סבא,הירוקה כס 80,קמינסקי 6,221.87,2025,6885000,7621-463-51,דירה בבית,6,31032
13,כפר סבא,הירוקה כס 80,סוסנובסקי 6,134.7,2025,4350000,7621-436-65,דירה בבית,6,32294
16,כפר סבא,הירוקה כס 80,ויינברג 8,124.5,2025,3850000,7621-468-12,דירה בבית,4,30924
17,כפר סבא,הירוקה כס 80,אנגל 21,128,2025,4050000,7621-465-3,דירה בבית,5,31641
18,כפר סבא,הירוקה כס 80,אנציקובסקי 1,113.7,2025,4100000,7621-580-11,דירה בבית,5,36060
19,כפר סבא,הירוקה כס 80,אוסטרובסקי 17,113.3,2025,3670000,7621-456-44,דירה בבית,5,32392
20,כפר סבא,הירוקה כס 80,0,132.56,2025,4480000,7621-559-48,דירה בבית,5,33796
21,כפר סבא,הירוקה כס 80,קמינסקי 7,95.2,2025,3450000,7621-467-7,דירה בבית,4,36239
22,כפר סבא,הירוקה כס 80,סוסנובסקי 6,101.8,2025,3250000,7621-436-17,דירה בבית,4,31925
23,כפר סבא,הירוקה כס 80,אנגל 45,97.9,2025,3330000,7621-556-34,דירה בבית,4,34014
24,כפר סבא,הירוקה כס 80,זליוונסקי 3,150,2024,4200000,7621-444-18,דירה בבית,5,28000
25,כפר סבא,הירוקה כס 80,נלקין 12,111.8,2024,3548000,7621-560-20,דירה בבית,5,31735
27,כפר סבא,הירוקה כס 80,לוונברג 4,135.6,2024,4950000,7621-562-25,דירה בבית,5,36504
29,כפר סבא,הירוקה כס 80,קמינסקי 7,104.1,2024,3630000,7621-467-39,דירה בבית,4,34870
30,כפר סבא,הירוקה כס 80,קמינסקי 7,128,2024,1000000,7621-467-1,דירת גן,5,7813
31,כפר סבא,הירוקה כס 80,שיינפיין 26,142.06,2024,4100000,7621-474-53,דירה בבית,5,28861
32,כפר סבא,הירוקה כס 80,אנגל 21,105,2024,3520000,7621-465-13,דירה בבית,4,33524
33,כפר סבא,הירוקה כס 80,0,73.22,2024,2700000,7621-486-23,דירה בבית,3,36875
34,כפר סבא,הירוקה כס 80,שיינפיין 30,111.15,2024,3400000,7621-474-107,דירה בבית,4,30589
35,כפר סבא,הירוקה כס 80,שיינפיין 8,189.8,2024,6100000,7621-582-35,דירה בבית,6,32139
36,כפר סבא,הירוקה כס 80,נלקין 10,116.7,2024,3500000,7621-560-171,דירה בבית,4,29991
37,כפר סבא,הירוקה כס 80,אנגל 36,138.8,2024,3780000,7621-462-9,דירה בבית,5,27233
39,כפר סבא,הירוקה כס 80,נלקין 10,148.8,2024,4500000,7621-560-178,דירה בבית,5,30242
41,כפר סבא,הירוקה כס 80,נלקין 10,133.25,2024,4300000,7621-560-90,דירה בבית,5,32270
42,כפר סבא,הירוקה כס 80,שיינפיין 1,120,2024,3900000,7621-439-82,דירה בבית,5,32500
43,כפר סבא,הירוקה כס 80,0,109,2024,3400000,7621-484-21,דירה בבית,4,31193
44,כפר סבא,הירוקה כס 80,אוסטרובסקי 17,129.9,2024,4030000,7621-456-57,דירה בבית,5,31024
45,כפר סבא,הירוקה כס 80,קמינסקי 7,112.2,2024,3900000,7621-467-62,דירה בבית,4,34759
46,כפר סבא,הירוקה כס 80,סוסנובסקי 6,186.9,2024,7127500,7621-436-77,דירה בבית,7,38135
48,כפר סבא,הירוקה כס 80,זליוונסקי 16,99,2024,3260000,7621-443-25,דירה בבית,4,32929
49,כפר סבא,הירוקה כס 80,אנגל 9,163,2024,4130000,7621-446-49,דירה בבית,5,25337
50,כפר סבא,הירוקה כס 80,זליוונסקי 4,130,2024,3330000,7621-446-48,דירה בבית,4,25615
51,כפר סבא,הירוקה כס 80,שיינפיין 17,93.3,2024,3550000,7621-478-53,דירה בבית,4,38049
53,כפר סבא,הירוקה כס 80,לוונברג 4,120.6,2024,1484000,7621-562-42,דירה בבית,5,12305
54,כפר סבא,הירוקה כס 80,אוסטרובסקי 13,200.95,2024,7850000,7621-456-11,דירה בבית,7,39064
55,כפר סבא,הירוקה כס 80,0,73.21,2024,2840000,7621-486-54,דירה בבית,3,38793
56,כפר סבא,הירוקה כס 80,שיינפיין 8,151.15,2024,1392000,7621-582-34,דירה בבית,6,9209
57,כפר סבא,הירוקה כס 80,שיינפיין 10,97.9,2024,3400000,7621-582-13,דירה בבית,4,34729
58,כפר סבא,הירוקה כס 80,זליוונסקי 5,164,2024,3500000,7621-444-17,דירה בבית,5,21341
59,כפר סבא,הירוקה כס 80,0,115.35,2024,3300000,7621-450-2,דירה בבית,4,28609
60,כפר סבא,הירוקה כס 80,סוסנובסקי 6,136.5,2024,4500000,7621-436-50,דירה בבית,6,32967
61,כפר סבא,הירוקה כס 80,סקיבין 4,195,2024,5800000,7621-442-11,דירה בבית,5,29744
62,כפר סבא,הירוקה כס 80,שיינפיין 32,142.15,2024,4220000,7621-474-123,דירה בבית,5,29687
63,כפר סבא,הירוקה כס 80,ויינברג 4,115.1,2024,4100000,7621-580-46,דירה בבית,5,35621
65,כפר סבא,הירוקה כס 80,שיינפיין 1,174,2024,6150000,7621-439-79,דירה בבית,7,35345
66,כפר סבא,הירוקה כס 80,נלקין 10,115.2,2024,3350000,7621-560-180,דירה בבית,4,29080
67,כפר סבא,הירוקה כס 80,אנגל 36,111.74,2024,3250000,7621-462-3,דירה בבית,4,29085
68,כפר סבא,הירוקה כס 80,שיינפיין 30,110.73,2024,3500000,7621-474-113,דירה בבית,4,31608
69,כפר סבא,הירוקה כס 80,ויינברג 8,123.7,2024,3885000,7621-468-37,דירה בבית,4,31407
70,כפר סבא,הירוקה כס 80,נלקין 12,139.65,2024,4385000,7621-560-14,דירה בבית,5,31400
72,כפר סבא,הירוקה כס 80,שיינפיין 7,126,2024,4150000,7621-477-0,דירת גן,4,32937
73,כפר סבא,הירוקה כס 80,אנגל 28,104.73,2024,3350000,7621-458-12,דירה בבית,4,31987
75,כפר סבא,הירוקה כס 80,נלקין 12,129.85,2024,4615000,7621-560-37,דירה בבית,5,35541
76,כפר סבא,הירוקה כס 80,אנגל 44,136.18,2024,4080000,7621-457-25,דירה בבית,5,29960
77,כפר סבא,הירוקה כס 80,שיינפיין 36,111.96,2024,3515000,7621-474-156,דירה בבית,4,31395
78,כפר סבא,הירוקה כס 80,קמינסקי 6,104.42,2024,3390000,7621-463-13,דירה בבית,4,32465
79,כפר סבא,הירוקה כס 80,אנגל 26,131,2024,4420000,7621-475-8,דירה בבית,6,33740
81,כפר סבא,הירוקה כס 80,ויינברג 4,226.2,2024,3525000,7621-580-57,דירה בבית,7,15584
82,כפר סבא,הירוקה כס 80,0,121.28,2024,4750000,7621-559-38,דירה בבית,5,39166
83,כפר סבא,הירוקה כס 80,שיינפיין 12,112.9,2024,3975000,7621-473-34,דירה בבית,5,35208
85,כפר סבא,הירוקה כס 80,זליוונסקי 16,130,2024,3300000,7621-443-23,דירה בבית,4,25385
86,כפר סבא,הירוקה כס 80,שיינפיין 20,142.1,2024,4452000,7621-479-33,דירה בבית,6,31330
87,כפר סבא,הירוקה כס 80,אנגל 39,114.1,2024,4060000,7621-557-73,דירה בבית,5,35583
88,כפר סבא,הירוקה כס 80,קמינסקי 7,131.1,2024,4320000,7621-467-80,דירה בבית,5,32952
90,כפר סבא,הירוקה כס 80,שיינפיין 8,97.9,2024,3450000,7621-582-33,דירה בבית,4,35240
91,כפר סבא,הירוקה כס 80,שיינפיין 17,126.4,2024,4000000,7621-478-40,דירה בבית,5,31646
92,כפר סבא,הירוקה כס 80,זליוונסקי 6,122,2024,4650000,7621-440-42,דירה בבית,5,38115
93,כפר סבא,הירוקה כס 80,נלקין 12,139.55,2024,1900000,7621-560-47,דירה בבית,5,13615
94,כפר סבא,הירוקה כס 80,אנגל 43,97.9,2024,3250000,7621-556-15,דירה בבית,4,33197
96,כפר סבא,הירוקה כס 80,לוונברג 2,101.3,2024,3300000,7621-562-3,דירה בבית,4,32577
98,כפר סבא,הירוקה כס 80,ויינברג 8,124.5,2023,4000000,7621-468-9,דירה בבית,4,32129
99,כפר סבא,הירוקה כס 80,סוסנובסקי 6,137.3,2023,4300000,7621-436-28,דירה בבית,6,31318
100,כפר סבא,הירוקה כס 80,שיינפיין 17,100.5,2023,750000,7621-478-7,דירה בבית,4,7463
101,כפר סבא,הירוקה כס 80,ויינברג 4,112,2023,4150000,7621-580-45,דירה בבית,5,37054
102,כפר סבא,הירוקה כס 80,0,89,2023,2600000,7621-484-10,דירה בבית,3,29213
103,כפר סבא,הירוקה כס 80,אנגל 35,113.5,2023,4425000,7621-557-24,דירה בבית,5,38987
104,כפר סבא,הירוקה כס 80,0,88,2023,2490000,7621-484-7,דירה בבית,3,28295
105,כפר סבא,הירוקה כס 80,שיינפיין 26,111.65,2023,3350000,7621-474-58,דירה בבית,4,30004
106,כפר סבא,הירוקה כס 80,ויינברג 4,112,2023,2425000,7621-580-39,דירה בבית,5,21652
107,כפר סבא,הירוקה כס 80,אנגל 19,107,2023,3250000,7621-465-28,דירה בבית,4,30374
108,כפר סבא,הירוקה כס 80,נלקין 10,117.2,2023,3435000,7621-560-66,דירה בבית,5,29309
109,כפר סבא,הירוקה כס 80,אברוצקי 7,133.65,2023,3997000,7621-583-17,דירה בבית,5,29906
110,כפר סבא,הירוקה כס 80,קמינסקי 7,110.1,2023,4000000,7621-467-79,דירה בבית,4,36331
112,כפר סבא,הירוקה כס 80,קמינסקי 7,97.1,2023,3370000,7621-467-46,דירה בבית,4,34706
113,כפר סבא,הירוקה כס 80,שיינפיין 17,168,2023,5400000,7621-478-61,דירה בבית,5,32143
114,כפר סבא,הירוקה כס 80,קמינסקי 7,104.1,2023,3400000,7621-467-47,דירה בבית,4,32661
115,כפר סבא,הירוקה כס 80,0,106,2023,3300000,7621-464-7,דירה בבית,4,31132
116,כפר סבא,הירוקה כס 80,ויינברג 11,110.1,2023,3420000,7621-474-28,דירה בבית,4,31063
117,כפר סבא,הירוקה כס 80,0,90,2023,800000,7621-482-79,דירה בבית,3.5,8889
118,כפר סבא,הירוקה כס 80,0,90,2023,2400000,7621-482-80,דירה בבית,3.5,26667
119,כפר סבא,הירוקה כס 80,0,90,2023,2400000,7621-482-77,דירה בבית,3.5,26667
120,כפר סבא,הירוקה כס 80,שיינפיין 17,101,2023,3280000,7621-478-45,דירה בבית,4,32475
121,כפר סבא,הירוקה כס 80,לוונברג 10,87.1,2023,3400000,7621-561-22,דירה בבית,4,39036
125,כפר סבא,הירוקה כס 80,שיינפיין 32,126.9,2023,4150000,7621-474-131,דירה בבית,5,32703
126,כפר סבא,הירוקה כס 80,ויינברג 5,104.6,2023,3545000,7621-472-5,דירה בבית,4,33891
127,כפר סבא,הירוקה כס 80,0,84,2023,3000000,7621-482-76,דירה בבית,3,35714
129,כפר סבא,הירוקה כס 80,אוסטרובסקי 13,206.06,2023,7300000,7621-456-23,דירה בבית,7,35427
130,כפר סבא,הירוקה כס 80,ויינברג 4,86.5,2023,3300000,7621-580-33,דירה בבית,4,38150
131,כפר סבא,הירוקה כס 80,ויינברג 6,113.13,2023,3500000,7621-579-11,דירה בבית,4,30938
132,כפר סבא,הירוקה כס 80,שיינפיין 1,139,2023,4590000,7621-439-83,דירה בבית,6,33022
133,כפר סבא,הירוקה כס 80,סוסנובסקי 6,101.8,2023,3425000,7621-436-20,דירה בבית,4,33644
134,כפר סבא,הירוקה כס 80,שיינפיין 17,127.5,2023,4200000,7621-478-18,דירה בבית,5,32941
135,כפר סבא,הירוקה כס 80,שיינפיין 36,112.08,2023,3490000,7621-474-158,דירה בבית,4,31138
136,כפר סבא,הירוקה כס 80,שיינפיין 1,139,2023,4590000,7621-439-84,דירה בבית,6,33022
137,כפר סבא,הירוקה כס 80,ויינברג 8,124.5,2023,3800000,7621-468-6,דירה בבית,4,30522
138,כפר סבא,הירוקה כס 80,זליוונסקי 4,140,2023,4245000,7621-446-45,דירה בבית,5,30321
140,כפר סבא,הירוקה כס 80,זליוונסקי 16,159,2023,4170000,7621-443-22,דירה בבית,5,26226
141,כפר סבא,הירוקה כס 80,לוונברג 10,101.3,2023,3550000,7621-561-11,דירה בבית,4,35044
142,כפר סבא,הירוקה כס 80,קמינסקי 7,115.1,2022,3770000,7621-467-41,דירה בבית,4,32754
145,כפר סבא,הירוקה כס 80,0,102,2022,3080000,7621-482-74,דירה בבית,3,30196
146,כפר סבא,הירוקה כס 80,אוסטרובסקי 17,107.6,2022,3315000,7621-456-64,דירה בבית,4,30809
147,כפר סבא,הירוקה כס 80,סקיבין 10,127,2022,4510000,7621-441-6,דירה בבית,5,35512
148,כפר סבא,הירוקה כס 80,ויינברג 8,125,2022,4370000,7621-468-66,דירה בבית,4,34960
149,כפר סבא,הירוקה כס 80,שיינפיין 32,128.15,2022,4220000,7621-474-128,דירה בבית,5,32930
150,כפר סבא,הירוקה כס 80,אנגל 43,190.1,2022,6950000,7621-556-28,דירה בבית,6,36560
151,כפר סבא,הירוקה כס 80,ויינברג 8,138,2022,4600000,7621-468-38,דירה בבית,5,33333
152,כפר סבא,הירוקה כס 80,ויינברג 11,109.26,2022,3690000,7621-474-37,דירה בבית,4,33773
153,כפר סבא,הירוקה כס 80,0,101,2022,3000000,7621-482-73,דירה בבית,3,29703
154,כפר סבא,הירוקה כס 80,אנגל 8,112.82,2022,4000000,7621-448-27,דירה בבית,4,35455
156,כפר סבא,הירוקה כס 80,שיינפיין 1,139,2022,4410000,7621-439-85,דירה בבית,6,31727
157,כפר סבא,הירוקה כס 80,0,73.01,2022,2600000,7621-486-12,דירה בבית,3,35612
158,כפר סבא,הירוקה כס 80,קמינסקי 7,110.2,2022,4200000,7621-467-17,דירה בבית,4,38113
159,כפר סבא,הירוקה כס 80,אנגל 31,114.1,2022,3650000,7621-558-7,דירה בבית,4,31989
160,כפר סבא,הירוקה כס 80,0,187,2022,5120000,7621-560-0,דירת גן,5,27380
161,כפר סבא,הירוקה כס 80,קמינסקי 7,132.2,2022,4360000,7621-467-26,דירה בבית,5,32980
162,כפר סבא,הירוקה כס 80,אנגל 40,204.3,2022,4603000,7621-460-29,דירה בבית,6,22531
165,כפר סבא,הירוקה כס 80,שיינפיין 30,143.96,2022,4250000,7621-474-157,דירה בבית,5,29522
166,כפר סבא,הירוקה כס 80,לוונברג 6,136.5,2022,4600000,7621-561-50,דירה בבית,5,33700
168,כפר סבא,הירוקה כס 80,ויינברג 6,112,2022,3250000,7621-579-13,דירה בבית,4,29018
169,כפר סבא,הירוקה כס 80,אנגל 33,140,2022,4600000,7621-558-42,דירה בבית,5,32857
170,כפר סבא,הירוקה כס 80,שיינפיין 17,126.4,2022,4170000,7621-478-52,דירה בבית,5,32991
171,כפר סבא,הירוקה כס 80,ויינברג 9,128.88,2022,5050000,7621-474-26,דירת גן,5,39184
173,כפר סבא,הירוקה כס 80,שיינפיין 12,113.2,2022,4450000,7621-473-33,דירה בבית,5,39311
174,כפר סבא,הירוקה כס 80,סוסנובסקי 6,138.3,2022,1970000,7621-436-25,דירה בבית,5,14244
176,כפר סבא,הירוקה כס 80,סקיבין 12,170,2022,4225000,7621-446-44,דירה בבית,5,24853
177,כפר סבא,הירוקה כס 80,ויינברג 3,113.3,2022,4200000,7621-473-74,דירה בבית,5,37070
178,כפר סבא,הירוקה כס 80,שיינפיין 1,120,2022,3650000,7621-439-78,דירה בבית,5,30417
179,כפר סבא,הירוקה כס 80,שיינפיין 34,190.76,2022,2201000,7621-474-151,דירת,6,11538
180,כפר סבא,הירוקה כס 80,אנגל 5,216,2022,4446000,7621-445-7,דירה בבית,6,20583
182,כפר סבא,הירוקה כס 80,אנגל 19,110,2022,3300000,7621-465-23,דירה בבית,5,30000
183,כפר סבא,הירוקה כס 80,שיינפיין 1,120,2022,3390000,7621-439-77,דירה בבית,5,28250
184,כפר סבא,הירוקה כס 80,אנגל 33,126.1,2022,4800000,7621-558-31,דירת גן,5,38065
185,כפר סבא,הירוקה כס 80,שיינפיין 1,124,2022,3320000,7621-439-76,דירה בבית,5,26774
186,כפר סבא,הירוקה כס 80,אנגל 36,141.19,2022,3600000,7621-462-4,דירה בבית,5,25498
187,כפר סבא,הירוקה כס 80,שיינפיין 1,75,2022,2430000,7621-439-75,דירה בבית,3,32400
188,כפר סבא,הירוקה כס 80,שיינפיין 1,120,2022,3490000,7621-439-74,דירה בבית,5,29083
189,כפר סבא,הירוקה כס 80,שיינפיין 1,141,2022,3900000,7621-439-73,דירה בבית,6,27660
190,כפר סבא,הירוקה כס 80,שיינפיין 1,139,2022,3830000,7621-439-72,דירה בבית,6,27554
191,כפר סבא,הירוקה כס 80,0,107,2022,3140000,7621-482-72,דירת גן,3,29346
192,כפר סבא,הירוקה כס 80,אנגל 19,212,2022,6100000,7621-465-37,דירת,9,28774
193,כפר סבא,הירוקה כס 80,0,106,2022,3400000,7621-464-10,דירה בבית,4,32075
194,כפר סבא,הירוקה כס 80,ויינברג 6,184.45,2022,5900000,7621-579-42,דירת,6,31987
195,כפר סבא,הירוקה כס 80,שיינפיין 16,100,2022,3115000,7621-479-4,דירה בבית,4,31150
196,כפר סבא,הירוקה כס 80,שיינפיין 20,219.1,2022,5750000,7621-479-46,דירה בבית,7,26244
197,כפר סבא,הירוקה כס 80,סקיבין 10,127,2022,4400000,7621-441-14,דירה בבית,5,34646
199,כפר סבא,הירוקה כס 80,0,104,2022,2935000,7621-484-20,דירה בבית,4,28221
200,כפר סבא,הירוקה כס 80,קמינסקי 7,96.6,2022,2700000,7621-467-84,דירה בבית,4,27950
201,כפר סבא,הירוקה כס 80,שיינפיין 30,142.15,2022,4100000,7621-474-105,דירה בבית,5,28843
202,כפר סבא,הירוקה כס 80,שיינפיין 1,140,2022,3600000,7621-439-71,דירה בבית,6,25714
203,כפר סבא,הירוקה כס 80,0,110,2022,3150000,7621-484-0,דירת,4,28636
204,כפר סבא,הירוקה כס 80,שיינפיין 1,140,2022,3675000,7621-439-70,דירה בבית,6,26250
205,כפר סבא,הירוקה כס 80,אנגל 44,104.12,2022,2815000,7621-457-8,דירה בבית,4,27036
206,כפר סבא,הירוקה כס 80,0,73,2022,2680000,7621-482-71,דירה בבית,3,36712
207,כפר סבא,הירוקה כס 80,אנגל 19,127,2022,3800000,7621-465-32,דירה בבית,5,29921
208,כפר סבא,הירוקה כס 80,סקיבין 6,201,2022,4300000,7621-442-10,דירה בבית,6,21393
210,כפר סבא,הירוקה כס 80,אוסטרובסקי 17,192.7,2021,5500000,7621-456-51,דירה בבית,7,28542
211,כפר סבא,הירוקה כס 80,ויינברג 8,113,2021,3180000,7621-468-56,דירה בבית,4,28142
212,כפר סבא,הירוקה כס 80,שיינפיין 1,174,2021,4350000,7621-439-69,דירה בבית,7,25000
213,כפר סבא,הירוקה כס 80,שיינפיין 1,98,2021,2580000,7621-439-66,דירה בבית,4,26327
214,כפר סבא,הירוקה כס 80,שיינפיין 1,124,2021,2890000,7621-439-67,דירה בבית,5,23306
218,כפר סבא,הירוקה כס 80,אנגל 36,139.3,2021,3480000,7621-462-6,דירה בבית,5,24982
219,כפר סבא,הירוקה כס 80,שיינפיין 1,129,2021,3850000,7621-439-63,דירת גן,6,29845
221,כפר סבא,הירוקה כס 80,שיינפיין 1,125,2021,3080000,7621-439-61,דירה בבית,5,24640
222,כפר סבא,הירוקה כס 80,שיינפיין 1,140,2021,3600000,7621-439-60,דירת גן,5,25714
224,כפר סבא,הירוקה כס 80,שיינפיין 1,119,2021,3600000,7621-439-58,דירת גן,5,30252
226,כפר סבא,הירוקה כס 80,0,73.09,2021,2500000,7621-486-11,דירה בבית,3,34204
227,כפר סבא,הירוקה כס 80,אוסטרובסקי 13,111.62,2021,2600000,7621-456-16,דירה בבית,4,23293
228,כפר סבא,הירוקה כס 80,0,90,2021,2590000,7621-482-69,דירה בבית,3,28778
229,כפר סבא,הירוקה כס 80,זליוונסקי 16,160,2021,3800000,7621-443-21,דירה בבית,5,23750
230,כפר סבא,הירוקה כס 80,שיינפיין 1,98,2021,2650000,7621-439-56,דירה בבית,4,27041
231,כפר סבא,הירוקה כס 80,אנגל 26,129.3,2021,3525000,7621-475-17,דירה בבית,5,27262
232,כפר סבא,הירוקה כס 80,0,103,2021,2650000,7621-482-68,דירה בבית,3,25728
234,כפר סבא,הירוקה כס 80,אנגל 44,102.41,2021,2670000,7621-457-21,דירה בבית,4,26072
235,כפר סבא,הירוקה כס 80,שיינפיין 1,132,2021,3560000,7621-439-53,דירה בבית,5,26970
236,כפר סבא,הירוקה כס 80,שיינפיין 1,217,2021,4660000,7621-439-54,דירה בבית,7,21475
238,כפר סבא,הירוקה כס 80,שיינפיין 1,124,2021,2970000,7621-439-50,דירה בבית,4,23952
239,כפר סבא,הירוקה כס 80,שיינפיין 1,75,2021,2230000,7621-439-49,דירה בבית,3,29733
243,כפר סבא,הירוקה כס 80,שיינפיין 1,98,2021,2570000,7621-439-45,דירה בבית,4,26224
244,כפר סבא,הירוקה כס 80,שיינפיין 1,211,2021,4630000,7621-439-46,דירה בבית,7,21943
247,כפר סבא,הירוקה כס 80,סקיבין 10,112,2021,3985000,7621-441-1,דירת גן,5,35580
248,כפר סבא,הירוקה כס 80,שיינפיין 2,105,2021,1800000,7621-481-31,דירה בבית,4,17143
249,כפר סבא,הירוקה כס 80,שיינפיין 1,119,2021,3100000,7621-439-42,דירה בבית,5,26050
251,כפר סבא,הירוקה כס 80,ויינברג 11,109.12,2021,2300000,7621-474-40,דירה בבית,4,21078
252,כפר סבא,הירוקה כס 80,סוסנובסקי 6,121.6,2021,3385000,7621-436-42,דירה בבית,5,27837
253,כפר סבא,הירוקה כס 80,שיינפיין 1,125,2021,3050000,7621-439-40,דירה בבית,5,24400
255,כפר סבא,הירוקה כס 80,שיינפיין 1,125,2021,3030000,7621-439-37,דירה בבית,5,24240
256,כפר סבא,הירוקה כס 80,שיינפיין 1,212,2021,4630000,7621-439-38,דירה בבית,7,21840
257,כפר סבא,הירוקה כס 80,ויינברג 8,166,2021,4950000,7621-468-60,דירת,6,29819
260,כפר סבא,הירוקה כס 80,שיינפיין 1,217,2021,4650000,7621-439-34,דירה בבית,7,21429
261,כפר סבא,הירוקה כס 80,שיינפיין 1,139,2021,3470000,7621-439-33,דירה בבית,6,24964
262,כפר סבא,הירוקה כס 80,שיינפיין 1,98,2021,2550000,7621-439-31,דירה בבית,4,26020
263,כפר סבא,הירוקה כס 80,שיינפיין 1,77,2021,2180000,7621-439-30,דירה בבית,3,28312
269,כפר סבא,הירוקה כס 80,שיינפיין 1,98,2021,2640000,7621-439-24,דירה בבית,4,26939
272,כפר סבא,הירוקה כס 80,0,106,2021,2200000,7621-482-66,דירה בבית,3,20755
273,כפר סבא,הירוקה כס 80,0,73,2021,2380000,7621-482-67,דירה בבית,3,32603
274,כפר סבא,הירוקה כס 80,שיינפיין 1,98,2021,2560000,7621-439-19,דירה בבית,4,26122
275,כפר סבא,הירוקה כס 80,שיינפיין 1,125,2021,2910000,7621-439-20,דירה בבית,5,23280
276,כפר סבא,הירוקה כס 80,שיינפיין 1,141,2021,3450000,7621-439-21,דירה בבית,6,24468
280,כפר סבא,הירוקה כס 80,0,72,2021,2400000,7621-482-65,דירה בבית,3,33333
281,כפר סבא,הירוקה כס 80,נלקין 12,129.85,2021,3250000,7621-560-41,דירה בבית,5,25029
282,כפר סבא,הירוקה כס 80,שיינפיין 1,98,2021,2570000,7621-439-14,דירה בבית,4,26224
283,כפר סבא,הירוקה כס 80,שיינפיין 1,121,2021,3600000,7621-439-15,דירת גן,5,29752
284,כפר סבא,הירוקה כס 80,שיינפיין 1,180,2021,4430000,7621-439-11,דירת,7,24611
288,כפר סבא,הירוקה כס 80,אנגל 43,130,2021,3480000,7621-556-9,דירה בבית,5,26769
289,כפר סבא,הירוקה כס 80,אנגל 43,130,2021,3480000,7621-556-5,דירה בבית,5,26769
290,כפר סבא,הירוקה כס 80,שיינפיין 1,125,2021,2960000,7621-439-9,דירה בבית,5,23680
291,כפר סבא,הירוקה כס 80,שיינפיין 1,125,2021,3090000,7621-439-7,דירה בבית,5,24720
293,כפר סבא,הירוקה כס 80,אנגל 28,104.73,2021,2730000,7621-458-6,דירה בבית,4,26067
295,כפר סבא,הירוקה כס 80,אנגל 45,114.4,2021,3040000,7621-556-51,דירה בבית,5,26573
297,כפר סבא,הירוקה כס 80,שיינפיין 1,125,2021,3100000,7621-439-5,דירה בבית,5,24800
299,כפר סבא,הירוקה כס 80,שיינפיין 1,98,2021,2560000,7621-439-3,דירה בבית,4,26122
301,כפר סבא,הירוקה כס 80,0,73,2021,2540000,7621-482-64,דירה בבית,3,34795
302,כפר סבא,הירוקה כס 80,אנגל 4,121.8,2021,4110000,7621-448-14,דירת גן,5,33744
303,כפר סבא,הירוקה כס 80,שיינפיין 34,140.76,2021,3360000,7621-474-142,דירה בבית,5,23870
304,כפר סבא,הירוקה כס 80,סוסנובסקי 6,105.7,2021,2300000,7621-436-73,דירה בבית,4,21760
305,כפר סבא,הירוקה כס 80,שיינפיין 17,128.8,2021,2850000,7621-478-5,דירה בבית,5,22127
306,כפר סבא,הירוקה כס 80,ויינברג 4,114.4,2021,3820000,7621-580-19,דירת גן,5,33392
307,כפר סבא,הירוקה כס 80,נלקין 12,129.85,2021,2600000,7621-560-33,דירה בבית,5,20023
308,כפר סבא,הירוקה כס 80,שיינפיין 2,173,2021,3080000,7621-481-30,דירה בבית,5,17803
309,כפר סבא,הירוקה כס 80,קמינסקי 7,96.6,2021,2550000,7621-467-78,דירה בבית,4,26398
310,כפר סבא,הירוקה כס 80,זליוונסקי 3,194,2021,4700000,7621-444-13,דירה בבית,6,24227
311,כפר סבא,הירוקה כס 80,זליוונסקי 6,131,2021,3100000,7621-440-39,דירה בבית,6,23664
312,כפר סבא,הירוקה כס 80,אנגל 9,119,2021,2610000,7621-446-42,דירה בבית,4,21933
313,כפר סבא,הירוקה כס 80,אוסטרובסקי 15,136,2021,4200000,7621-456-30,דירה בבית,6,30882
314,כפר סבא,הירוקה כס 80,שיינפיין 12,90.9,2021,2580000,7621-473-28,דירה בבית,4,28383
315,כפר סבא,הירוקה כס 80,סוסנובסקי 4,100,2021,3000000,7621-581-8,דירה בבית,5,30000
316,כפר סבא,הירוקה כס 80,אנגל 28,133.02,2021,3200000,7621-458-8,דירה בבית,5,24057
317,כפר סבא,הירוקה כס 80,אנגל 41,113,2021,3820000,7621-557-89,דירה בבית,5,33805
318,כפר סבא,הירוקה כס 80,שיינפיין 12,198.1,2021,5200000,7621-473-35,דירה בבית,7,26249
319,כפר סבא,הירוקה כס 80,לוונברג 2,132.5,2021,2944000,7621-562-20,דירה בבית,5,22219
320,כפר סבא,הירוקה כס 80,אוסטרובסקי 15,195.5,2021,4490000,7621-456-31,דירה בבית,8,22967
321,כפר סבא,הירוקה כס 80,אנגל 28,117.47,2021,4215000,7621-458-16,דירה בבית,5,35882
322,כפר סבא,הירוקה כס 80,שיינפיין 13,97.85,2021,3080000,7621-477-27,דירה בבית,4,31477
323,כפר סבא,הירוקה כס 80,שיינפיין 17,100.5,2021,2480000,7621-478-15,דירה בבית,4,24677
324,כפר סבא,הירוקה כס 80,אוסטרובסקי 1,281.78,2021,5500000,7621-458-57,דירה בבית,8,19519
325,כפר סבא,הירוקה כס 80,אוסטרובסקי 9,127,2021,3050000,7621-461-8,דירה בבית,4,24016
326,כפר סבא,הירוקה כס 80,אנגל 21,105,2021,2300000,7621-465-7,דירה בבית,4,21905
327,כפר סבא,הירוקה כס 80,שיינפיין 21,100.2,2021,2407000,7621-478-65,דירה בבית,4,24022
328,כפר סבא,הירוקה כס 80,0,102,2021,2120000,7621-482-63,דירה בבית,3,20784
330,כפר סבא,הירוקה כס 80,אוסטרובסקי 9,126,2021,2870000,7621-461-6,דירה בבית,5,22778
331,כפר סבא,הירוקה כס 80,סוסנובסקי 6,124.1,2021,4100000,7621-436-15,דירה בבית,6,33038
332,כפר סבא,הירוקה כס 80,ויינברג 3,86.6,2021,2325000,7621-473-72,דירה בבית,4,26848
333,כפר סבא,הירוקה כס 80,שיינפיין 12,88.2,2021,2640000,7621-473-30,דירה בבית,4,29932
334,כפר סבא,הירוקה כס 80,שיינפיין 17,89.6,2021,2536000,7621-478-41,דירה בבית,4,28304
335,כפר סבא,הירוקה כס 80,אנגל 38,127.2,2021,3070000,7621-460-5,דירה בבית,5,24135
336,כפר סבא,הירוקה כס 80,אנגל 21,128,2021,2900000,7621-465-12,דירה בבית,5,22656
337,כפר סבא,הירוקה כס 80,סקיבין 4,191,2021,3210000,7621-442-8,דירה בבית,6,16806
338,כפר סבא,הירוקה כס 80,שיינפיין 26,111.06,2021,2460000,7621-474-61,דירה בבית,4,22150
339,כפר סבא,הירוקה כס 80,אנגל 9,160,2021,2800000,7621-446-41,דירה בבית,5,17500
340,כפר סבא,הירוקה כס 80,ויינברג 3,113.3,2021,2994000,7621-473-79,דירה בבית,5,26425
341,כפר סבא,הירוקה כס 80,אנגל 28,104.73,2021,1175000,7621-458-9,דירה בבית,4,11219
342,כפר סבא,הירוקה כס 80,אנגל 8,104.55,2021,2400000,7621-448-34,דירה בבית,4,22956
343,כפר סבא,הירוקה כס 80,קמינסקי 7,95.2,2021,2550000,7621-467-27,דירה בבית,4,26786
344,כפר סבא,הירוקה כס 80,אנגל 8,134.1,2021,2850000,7621-448-29,דירה בבית,5,21253
345,כפר סבא,הירוקה כס 80,שיינפיין 30,142.15,2021,3225000,7621-474-111,דירה בבית,5,22687
346,כפר סבא,הירוקה כס 80,0,73,2021,1940000,7621-482-62,דירה בבית,3,26575
347,כפר סבא,הירוקה כס 80,שיינפיין 28,111.79,2021,2515000,7621-474-92,דירה בבית,4,22498
348,כפר סבא,הירוקה כס 80,שיינפיין 2,120,2021,2700000,7621-481-29,דירה בבית,5,22500
349,כפר סבא,הירוקה כס 80,שיינפיין 17,127.5,2021,2760000,7621-478-10,דירה בבית,5,21647
350,כפר סבא,הירוקה כס 80,ויינברג 6,173,2021,4060000,7621-579-0,דירת גן,6,23468
351,כפר סבא,הירוקה כס 80,אנגל 19,136,2021,3930000,7621-465-20,דירת גן,6,28897
352,כפר סבא,הירוקה כס 80,שיינפיין 18,127.6,2021,3930000,7621-479-15,דירת גן,6,30799
353,כפר סבא,הירוקה כס 80,קמינסקי 7,112.3,2021,2650000,7621-467-22,דירה בבית,4,23598
354,כפר סבא,הירוקה כס 80,שיינפיין 2,164,2021,2900000,7621-481-28,דירה בבית,5,17683
355,כפר סבא,הירוקה כס 80,זליוונסקי 5,151,2021,2590000,7621-444-12,דירה בבית,5,17152
356,כפר סבא,הירוקה כס 80,0,73.65,2021,2020000,7621-486-42,דירת גן,3,27427
357,כפר סבא,הירוקה כס 80,אנגל 45,114.4,2021,2680000,7621-556-54,דירה בבית,5,23427
358,כפר סבא,הירוקה כס 80,אנגל 45,130,2021,3070000,7621-556-37,דירה בבית,5,23615
359,כפר סבא,הירוקה כס 80,0,70,2021,2040000,7621-482-61,דירה בבית,3,29143
360,כפר סבא,הירוקה כס 80,שיינפיין 20,142.1,2021,3400000,7621-479-39,דירה בבית,6,23927
361,כפר סבא,הירוקה כס 80,0,73,2021,2050000,7621-486-0,דירת גן,3,28082
362,כפר סבא,הירוקה כס 80,שיינפיין 16,100.1,2021,2350000,7621-479-5,דירה בבית,4,23477
363,כפר סבא,הירוקה כס 80,סוסנובסקי 6,136.7,2021,3150000,7621-436-24,דירה בבית,6,23043
364,כפר סבא,הירוקה כס 80,אנגל 44,159.46,2021,3900000,7621-457-27,דירה בבית,6,24458
365,כפר סבא,הירוקה כס 80,שיינפיין 17,100.5,2021,2430000,7621-478-19,דירה בבית,4,24179
366,כפר סבא,הירוקה כס 80,0,72,2021,2150000,7621-482-60,דירה בבית,3,29861
367,כפר סבא,הירוקה כס 80,אנגל 45,114.4,2021,2680000,7621-556-47,דירה בבית,5,23427
368,כפר סבא,הירוקה כס 80,שיינפיין 17,100.4,2021,2350000,7621-478-35,דירה בבית,4,23406
369,כפר סבא,הירוקה כס 80,0,80,2021,2070000,7621-482-59,דירה בבית,3,25875
371,כפר סבא,הירוקה כס 80,אוסטרובסקי 15,115.16,2021,3900000,7621-456-32,דירה בבית,5,33866
372,כפר סבא,הירוקה כס 80,לוונברג 2,135.6,2021,3060000,7621-562-1,דירה בבית,5,22566
373,כפר סבא,הירוקה כס 80,אוסטרובסקי 9,132,2021,2800000,7621-461-7,דירה בבית,5,21212
374,כפר סבא,הירוקה כס 80,שיינפיין 17,129.6,2021,2622000,7621-478-27,דירה בבית,5,20231
375,כפר סבא,הירוקה כס 80,אנגל 37,88.4,2021,2570000,7621-557-34,דירה בבית,4,29072
376,כפר סבא,הירוקה כס 80,לוונברג 4,132.5,2021,2700000,7621-562-36,דירה בבית,5,20377
377,כפר סבא,הירוקה כס 80,ויינברג 4,86.5,2021,2250000,7621-580-21,דירה בבית,4,26012
378,כפר סבא,הירוקה כס 80,נלקין 12,129.35,2021,2387000,7621-560-5,דירה בבית,4,18454
379,כפר סבא,הירוקה כס 80,שיינפיין 28,127.9,2021,2740000,7621-474-90,דירה בבית,5,21423
380,כפר סבא,הירוקה כס 80,נלקין 10,133.25,2021,2935000,7621-560-94,דירה בבית,5,22026
381,כפר סבא,הירוקה כס 80,זליוונסקי 16,130,2021,2390000,7621-443-20,דירה בבית,4,18385
382,כפר סבא,הירוקה כס 80,לוונברג 10,135.4,2020,3100000,7621-561-17,דירה בבית,5,22895
383,כפר סבא,הירוקה כס 80,סוסנובסקי 6,101.8,2020,2380000,7621-436-23,דירה בבית,4,23379
385,כפר סבא,הירוקה כס 80,שיינפיין 30,113.83,2020,3750000,7621-474-98,דירת גן,5,32944
386,כפר סבא,הירוקה כס 80,אנגל 45,130,2020,3075000,7621-556-40,דירה בבית,5,23654
387,כפר סבא,הירוקה כס 80,ויינברג 5,98.3,2020,2365000,7621-472-10,דירה בבית,4,24059
388,כפר סבא,הירוקה כס 80,זליוונסקי 3,168,2020,2600000,7621-444-11,דירה בבית,5,15476
389,כפר סבא,הירוקה כס 80,זליוונסקי 3,154,2020,2755000,7621-444-10,דירה בבית,5,17890
390,כפר סבא,הירוקה כס 80,0,163,2020,2825000,7621-437-18,דירה בבית,5,17331
391,כפר סבא,הירוקה כס 80,שיינפיין 12,90.9,2020,2290000,7621-473-22,דירה בבית,4,25193
392,כפר סבא,הירוקה כס 80,לוונברג 8,101.4,2020,2250000,7621-561-51,דירה בבית,4,22189
393,כפר סבא,הירוקה כס 80,שיינפיין 28,128.04,2020,2615000,7621-474-84,דירה בבית,5,20423
394,כפר סבא,הירוקה כס 80,אנגל 44,149.96,2020,3750000,7621-457-15,דירה בבית,5,25007
395,כפר סבא,הירוקה כס 80,0,119,2020,2600000,7621-437-19,דירה בבית,5,21849
396,כפר סבא,הירוקה כס 80,אנגל 7,197,2020,3740000,7621-446-40,דירה בבית,6,18985
397,כפר סבא,הירוקה כס 80,אנגל 43,114.4,2020,2570000,7621-556-22,דירה בבית,5,22465
398,כפר סבא,הירוקה כס 80,שיינפיין 2,126,2020,2795000,7621-481-27,דירה בבית,5,22183
399,כפר סבא,הירוקה כס 80,זליוונסקי 6,123,2020,2950000,7621-440-45,דירה בבית,5,23984
400,כפר סבא,הירוקה כס 80,שיינפיין 36,111.96,2020,2320000,7621-474-160,דירה בבית,4,20722
401,כפר סבא,הירוקה כס 80,ריזנבך 9,131.72,2020,2740000,7621-448-3,דירה בבית,5,20802
402,כפר סבא,הירוקה כס 80,0,133.4,2020,2920000,7621-485-23,דירה בבית,6,21889
404,כפר סבא,הירוקה כס 80,קמינסקי 6,134.2,2020,2840000,7621-463-40,דירה בבית,5,21162
405,כפר סבא,הירוקה כס 80,שיינפיין 30,128.16,2020,3680000,7621-474-97,דירה בבית,5,28714
406,כפר סבא,הירוקה כס 80,אוסטרובסקי 17,152.16,2020,3525000,7621-456-48,דירה בבית,5,23166
407,כפר סבא,הירוקה כס 80,זליוונסקי 3,165,2020,2700000,7621-444-9,דירה בבית,5,16364
408,כפר סבא,הירוקה כס 80,אנגל 7,103,2020,2310000,7621-446-39,דירה בבית,4,22427
409,כפר סבא,הירוקה כס 80,0,163,2020,1720000,7621-559-0,דירת גן,5,10552
410,כפר סבא,הירוקה כס 80,אוסטרובסקי 17,206.3,2020,4185000,7621-456-69,דירה בבית,7,20286
411,כפר סבא,הירוקה כס 80,שיינפיין 2,171,2020,1772000,7621-481-25,דירה בבית,6,10363
412,כפר סבא,הירוקה כס 80,שיינפיין 12,112.9,2020,2870000,7621-473-32,דירה בבית,5,25421
413,כפר סבא,הירוקה כס 80,סוסנובסקי 6,195.8,2020,3760000,7621-436-33,דירה בבית,7,19203
414,כפר סבא,הירוקה כס 80,שיינפיין 16,100.1,2020,2380000,7621-479-7,דירה בבית,4,23776
415,כפר סבא,הירוקה כס 80,ויינברג 8,123.7,2020,2700000,7621-468-40,דירה בבית,4,21827
416,כפר סבא,הירוקה כס 80,אנגל 4,110.37,2020,2425000,7621-448-17,דירה בבית,4,21972
417,כפר סבא,הירוקה כס 80,אברוצקי 3,131,2020,3580000,7621-440-4,דירה בבית,6,27328
418,כפר סבא,הירוקה כס 80,0,73,2020,1980000,7621-482-58,דירה בבית,3,27123
419,כפר סבא,הירוקה כס 80,לוונברג 4,101.4,2020,2190000,7621-562-30,דירה בבית,4,21598
420,כפר סבא,הירוקה כס 80,שיינפיין 28,141.16,2020,3200000,7621-474-94,דירה בבית,5,22669
422,כפר סבא,הירוקה כס 80,שיינפיין 17,100.4,2020,2360000,7621-478-54,דירה בבית,4,23506
423,כפר סבא,הירוקה כס 80,סוסנובסקי 6,134.7,2020,2722000,7621-436-75,דירה בבית,6,20208
424,כפר סבא,הירוקה כס 80,שיינפיין 17,89.6,2020,2310000,7621-478-57,דירה בבית,4,25781
425,כפר סבא,הירוקה כס 80,ויינברג 5,190.1,2020,4000000,7621-472-21,דירת,7,21042
426,כפר סבא,הירוקה כס 80,נלקין 12,129.85,2020,2780000,7621-560-17,דירה בבית,5,21409
427,כפר סבא,הירוקה כס 80,אנגל 19,183,2020,4000000,7621-465-36,דירה בבית,6,21858
428,כפר סבא,הירוקה כס 80,שיינפיין 28,111.16,2020,2450000,7621-474-83,דירה בבית,4,22040
429,כפר סבא,הירוקה כס 80,נלקין 12,139.65,2020,2975000,7621-560-18,דירה בבית,5,21303
430,כפר סבא,הירוקה כס 80,קמינסקי 7,153,2020,3850000,7621-467-74,דירה בבית,5,25163
431,כפר סבא,הירוקה כס 80,ויינברג 5,141.7,2020,2925000,7621-472-14,דירה בבית,6,20642
432,כפר סבא,הירוקה כס 80,לוונברג 8,132.5,2020,2765000,7621-561-40,דירה בבית,5,20868
433,כפר סבא,הירוקה כס 80,ויינברג 11,141.05,2020,2900000,7621-474-35,דירה בבית,5,20560
434,כפר סבא,הירוקה כס 80,זליוונסקי 16,130,2020,2380000,7621-443-18,דירה בבית,4,18308
435,כפר סבא,הירוקה כס 80,0,72,2020,1990000,7621-482-57,דירה בבית,3,27639
436,כפר סבא,הירוקה כס 80,ויינברג 5,98.8,2020,2350000,7621-472-16,דירה בבית,4,23785
437,כפר סבא,הירוקה כס 80,נלקין 10,115.2,2020,2385000,7621-560-129,דירה בבית,4,20703
438,כפר סבא,הירוקה כס 80,ויינברג 4,115.1,2020,2750000,7621-580-25,דירה בבית,5,23892
439,כפר סבא,הירוקה כס 80,שיינפיין 18,89.1,2020,2740000,7621-479-14,דירה בבית,4,30752
440,כפר סבא,הירוקה כס 80,סוסנובסקי 6,101.8,2020,2375000,7621-436-26,דירה בבית,4,23330
441,כפר סבא,הירוקה כס 80,ויינברג 1,196.1,2019,4220000,7621-473-60,דירה בבית,6,21520
442,כפר סבא,הירוקה כס 80,ויינברג 5,140.6,2019,2925000,7621-472-18,דירה בבית,6,20804
443,כפר סבא,הירוקה כס 80,לוונברג 10,101.3,2019,2320000,7621-561-7,דירה בבית,4,22902
444,כפר סבא,הירוקה כס 80,ויינברג 5,126.6,2019,2700000,7621-472-12,דירה בבית,5,21327
445,כפר סבא,הירוקה כס 80,ויינברג 5,141.4,2019,2859000,7621-472-17,דירה בבית,6,20219
446,כפר סבא,הירוקה כס 80,לוונברג 6,132.5,2019,2700000,7621-561-41,דירה בבית,5,20377
447,כפר סבא,הירוקה כס 80,0,73,2019,1990000,7621-482-56,דירה בבית,3,27260
448,כפר סבא,הירוקה כס 80,אוסטרובסקי 15,109,2019,2375000,7621-456-27,דירה בבית,4,21789
449,כפר סבא,הירוקה כס 80,אוסטרובסקי 1,133.02,2019,2840000,7621-458-44,דירה בבית,5,21350
450,כפר סבא,הירוקה כס 80,0,102,2019,2550000,7621-558-0,דירת גן,4,25000
451,כפר סבא,הירוקה כס 80,שיינפיין 16,100.1,2019,2312000,7621-479-9,דירה בבית,4,23097
452,כפר סבא,הירוקה כס 80,0,90,2019,2237000,7621-485-4,דירה בבית,4,24856
453,כפר סבא,הירוקה כס 80,0,73.09,2019,1980000,7621-486-6,דירה בבית,3,27090
454,כפר סבא,הירוקה כס 80,ויינברג 3,113.3,2019,2805000,7621-473-77,דירה בבית,5,24757
455,כפר סבא,הירוקה כס 80,אנגל 37,113.2,2019,3300000,7621-557-32,דירת גן,5,29152
456,כפר סבא,הירוקה כס 80,קמינסקי 7,113,2019,3230000,7621-467-34,דירה בבית,5,28584
457,כפר סבא,הירוקה כס 80,אנגל 38,112.1,2019,2260000,7621-460-4,דירה בבית,4,20161
458,כפר סבא,הירוקה כס 80,ויינברג 5,136.7,2019,3018000,7621-472-19,דירה בבית,6,22078
459,כפר סבא,הירוקה כס 80,אנגל 45,132.1,2019,3150000,7621-556-49,דירה בבית,5,23846
460,כפר סבא,הירוקה כס 80,0,121.28,2019,2600000,7621-559-18,דירה בבית,5,21438
461,כפר סבא,הירוקה כס 80,אנגל 31,135.7,2019,2650000,7621-558-25,דירה בבית,5,19528
462,כפר סבא,הירוקה כס 80,0,132.61,2019,2640000,7621-559-19,דירה בבית,5,19908
463,כפר סבא,הירוקה כס 80,אוסטרובסקי 15,108.6,2019,2360000,7621-456-33,דירה בבית,4,21731
464,כפר סבא,הירוקה כס 80,קמינסקי 7,97.1,2019,2350000,7621-467-42,דירה בבית,4,24202
465,כפר סבא,הירוקה כס 80,נלקין 12,111.8,2019,2750000,7621-560-16,דירה בבית,5,24597
466,כפר סבא,הירוקה כס 80,לוונברג 4,135.6,2019,3000000,7621-562-26,דירת גן,5,22124
467,כפר סבא,הירוקה כס 80,סוסנובסקי 6,136.7,2019,2900000,7621-436-21,דירה בבית,6,21214
468,כפר סבא,הירוקה כס 80,אוסטרובסקי 1,208.91,2019,3910000,7621-458-49,דירת,6,18716
469,כפר סבא,הירוקה כס 80,שיינפיין 32,142.15,2019,2900000,7621-474-120,דירה בבית,5,20401
470,כפר סבא,הירוקה כס 80,שיינפיין 16,89.2,2019,2460000,7621-479-1,דירת גן,4,27578
471,כפר סבא,הירוקה כס 80,קמינסקי 7,112.2,2019,2585000,7621-467-60,דירה בבית,4,23039
472,כפר סבא,הירוקה כס 80,אנגל 9,104,2019,2345000,7621-446-37,דירה בבית,4,22548
474,כפר סבא,הירוקה כס 80,אנגל 33,102,2019,2640000,7621-558-59,דירה בבית,4,25882
475,כפר סבא,הירוקה כס 80,0,76,2019,1825000,7621-482-84,דירה בבית,3,24013
476,כפר סבא,הירוקה כס 80,0,72,2019,1900000,7621-482-85,דירה בבית,3,26389
477,כפר סבא,הירוקה כס 80,0,73,2019,1900000,7621-482-54,דירה,3,26027
478,כפר סבא,הירוקה כס 80,שיינפיין 28,128.06,2019,2450000,7621-474-87,דירה בבית,5,19132
479,כפר סבא,הירוקה כס 80,סקיבין 6,103,2019,2345000,7621-442-6,דירה בבית,4,22767
480,כפר סבא,הירוקה כס 80,זליוונסקי 5,100,2019,2859000,7621-444-19,דירה בבית,4,28590
481,כפר סבא,הירוקה כס 80,אנגל 33,147.5,2019,4000000,7621-558-45,דירה בבית,6,27119
482,כפר סבא,הירוקה כס 80,0,72,2019,1970000,7621-482-86,דירה בבית,4,27361
483,כפר סבא,הירוקה כס 80,ויינברג 8,129.6,2019,2350000,7621-468-25,דירה בבית,4,18133
484,כפר סבא,הירוקה כס 80,0,72,2019,1970000,7621-482-52,דירה בבית,3,27361
485,כפר סבא,הירוקה כס 80,0,73,2019,1972414,7621-482-53,דירה,4,27019
486,כפר סבא,הירוקה כס 80,סוסנובסקי 6,105.7,2019,3860000,7621-436-67,קוטג' דו משפחתי,4,36518
487,כפר סבא,הירוקה כס 80,קמינסקי 6,136.43,2019,2865000,7621-463-23,דירה בבית,5,21000
488,כפר סבא,הירוקה כס 80,ויינברג 8,137.9,2019,2950000,7621-468-3,דירה בבית,5,21392
489,כפר סבא,הירוקה כס 80,0,72,2019,1930000,7621-482-87,דירה בבית,3,26806
490,כפר סבא,הירוקה כס 80,שיינפיין 34,127.8,2019,3250000,7621-474-135,דירה בבית,5,25430
491,כפר סבא,הירוקה כס 80,אנגל 33,141.5,2019,2870000,7621-558-40,דירה בבית,5,20283
492,כפר סבא,הירוקה כס 80,0,72,2019,1940000,7621-482-88,דירה בבית,3.5,26944
493,כפר סבא,הירוקה כס 80,0,73,2019,1940000,7621-482-51,דירה,3,26575
494,כפר סבא,הירוקה כס 80,אנגל 31,147.5,2019,2875000,7621-558-20,דירה בבית,5,19492
495,כפר סבא,הירוקה כס 80,אנגל 33,101.4,2019,2865000,7621-558-30,דירה בבית,5,28254
496,כפר סבא,הירוקה כס 80,אנגל 33,101,2019,2320000,7621-558-60,דירה בבית,4,22970
497,כפר סבא,הירוקה כס 80,קמינסקי 7,112.3,2019,2550000,7621-467-25,דירה בבית,4,22707
498,כפר סבא,הירוקה כס 80,אנגל 33,114.41,2019,3000000,7621-558-33,דירה בבית,5,26221
499,כפר סבא,הירוקה כס 80,שיינפיין 14,114.3,2019,3500000,7621-473-17,קוטג' חד משפחתי,5,30621
500,כפר סבא,הירוקה כס 80,אנגל 33,181,2019,2650000,7621-558-58,דירה בבית,5,14641
591,כפר סבא,הירוקה כס 80,0,207,2018,4080000,7621-464-17,דירה בבית,7,19710
592,כפר סבא,הירוקה כס 80,ויינברג 5,101.5,2018,2520000,7621-472-4,דירה בבית,4,24828
593,כפר סבא,הירוקה כס 80,אנגל 31,141.5,2018,3175000,7621-558-11,דירה בבית,5,22438
594,כפר סבא,הירוקה כס 80,סוסנובסקי 4,175,2018,2740000,7621-581-5,דירה בבית,5,15657
595,כפר סבא,הירוקה כס 80,0,124,2018,2550000,7621-437-24,דירה בבית,5,20565
596,כפר סבא,הירוקה כס 80,קמינסקי 7,112.3,2018,2410000,7621-467-19,דירה בבית,4,21460
597,כפר סבא,הירוקה כס 80,0,129,2018,2699000,7621-464-13,דירה בבית,5,20922
598,כפר סבא,הירוקה כס 80,לוונברג 6,101.4,2018,2210000,7621-561-34,דירה בבית,4,21795
599,כפר סבא,הירוקה כס 80,שיינפיין 26,114.5,2018,3300000,7621-474-50,דירת גן,5,28821
600,כפר סבא,הירוקה כס 80,קמינסקי 7,101.7,2018,2450000,7621-467-66,דירה בבית,4,24090
601,כפר סבא,הירוקה כס 80,סקיבין 10,93,2018,2300000,7621-441-17,דירה בבית,4,24731
602,כפר סבא,הירוקה כס 80,0,144,2018,3320000,7621-482-41,דירה,5,23056
603,כפר סבא,הירוקה כס 80,0,73.01,2018,2225000,7621-486-2,דירה בבית,3,30475
604,כפר סבא,הירוקה כס 80,0,98,2018,2550000,7621-437-25,דירה בבית,4,26020
605,כפר סבא,הירוקה כס 80,קמינסקי 6,88.26,2018,2500000,7621-463-2,דירת גן,4,28325
607,כפר סבא,הירוקה כס 80,0,73,2018,1960000,7621-482-39,דירה,3,26849
608,כפר סבא,הירוקה כס 80,סוסנובסקי 6,136.7,2018,2807000,7621-436-27,קוטג' דו משפחתי,6,20534
609,כפר סבא,הירוקה כס 80,זליוונסקי 12,135,2018,3520000,7621-443-15,דירה בבית,6,26074
611,כפר סבא,הירוקה כס 80,אנגל 21,105,2018,2210000,7621-465-4,דירה בבית,4,21048
612,כפר סבא,הירוקה כס 80,אוסטרובסקי 17,107.4,2018,2250000,7621-456-58,דירה בבית,4,20950
614,כפר סבא,הירוקה כס 80,לוונברג 10,135.4,2018,2750000,7621-561-21,דירה בבית,5,20310
615,כפר סבא,הירוקה כס 80,נלקין 12,114.15,2018,2830000,7621-560-1,דירה בבית,5,24792
616,כפר סבא,הירוקה כס 80,0,75,2018,1948000,7621-482-93,דירה בבית,3.5,25973
617,כפר סבא,הירוקה כס 80,0,73,2018,1948000,7621-482-37,דירה,3,26685
618,כפר סבא,הירוקה כס 80,0,75,2018,1870000,7621-482-94,דירה בבית,3,24933
619,כפר סבא,הירוקה כס 80,0,73,2018,1870000,7621-482-36,דירה,3,25616
620,כפר סבא,הירוקה כס 80,זליוונסקי 3,167,2018,2590000,7621-444-8,דירה בבית,5,15509
621,כפר סבא,הירוקה כס 80,קמינסקי 6,104.64,2018,2300000,7621-463-6,דירה בבית,4,21980
622,כפר סבא,הירוקה כס 80,ויינברג 8,125,2018,2650000,7621-468-72,דירה בבית,4,21200
623,כפר סבא,הירוקה כס 80,שיינפיין 2,167,2018,2685000,7621-481-23,דירה בבית,5,16078
624,כפר סבא,הירוקה כס 80,אברוצקי 3,90,2018,2150000,7621-440-13,דירה בבית,4,23889
625,כפר סבא,הירוקה כס 80,שיינפיין 26,111.06,2018,2155000,7621-474-55,דירה בבית,4,19404
626,כפר סבא,הירוקה כס 80,לוונברג 2,101.3,2018,2200000,7621-562-7,דירה בבית,4,21718
627,כפר סבא,הירוקה כס 80,נלקין 12,139.55,2017,2800000,7621-560-43,דירה בבית,5,20064
628,כפר סבא,הירוקה כס 80,0,132.61,2017,2627900,7621-559-11,דירה בבית,5,19817
630,כפר סבא,הירוקה כס 80,0,73,2017,1880000,7621-482-95,דירה בבית,3,25753
631,כפר סבא,הירוקה כס 80,0,73,2017,1850000,7621-482-34,דירה,3,25342
632,כפר סבא,הירוקה כס 80,0,73,2017,1880000,7621-482-35,דירה,3,25753
633,כפר סבא,הירוקה כס 80,0,73,2017,1973000,7621-482-97,דירה בבית,4,27027
634,כפר סבא,הירוקה כס 80,0,73,2017,1973000,7621-482-33,דירה,3,27027
635,כפר סבא,הירוקה כס 80,אוסטרובסקי 17,194.65,2017,3380000,7621-456-68,דירה בבית,7,17365
636,כפר סבא,הירוקה כס 80,0,246,2017,3755000,7621-466-3,דירה בבית,6,15264
637,כפר סבא,הירוקה כס 80,אנגל 44,104.12,2017,2290000,7621-457-23,דירה בבית,4,21994
638,כפר סבא,הירוקה כס 80,שיינפיין 21,100.2,2017,2230000,7621-478-69,דירה בבית,4,22255
639,כפר סבא,הירוקה כס 80,אברוצקי 2,125,2017,3135000,7621-446-34,דירה בבית,4,25080
640,כפר סבא,הירוקה כס 80,נלקין 10,112.9,2017,2460000,7621-560-165,דירה בבית,4,21789
641,כפר סבא,הירוקה כס 80,0,73,2017,1863000,7621-482-98,דירה בבית,3.5,25521
642,כפר סבא,הירוקה כס 80,0,73,2017,1863000,7621-482-32,דירה,3,25521
643,כפר סבא,הירוקה כס 80,0,72,2017,1885000,7621-482-99,דירה בבית,3,26181
644,כפר סבא,הירוקה כס 80,0,73,2017,1880000,7621-482-31,דירה,3,25753
645,כפר סבא,הירוקה כס 80,0,73,2017,1930000,7621-482-100,דירה בבית,3.5,26438
646,כפר סבא,הירוקה כס 80,0,73,2017,1930000,7621-482-30,דירה,3,26438
647,כפר סבא,הירוקה כס 80,0,100,2017,1913000,7621-482-29,דירה בבית,3,19130
648,כפר סבא,הירוקה כס 80,0,73,2017,1913000,7621-482-28,דירה,3,26205
649,כפר סבא,הירוקה כס 80,0,132.61,2017,2640000,7621-559-15,דירה בבית,5,19908
650,כפר סבא,הירוקה כס 80,ויינברג 8,100,2017,2355000,7621-468-57,דירה בבית,4,23550
651,כפר סבא,הירוקה כס 80,לוונברג 8,101.4,2017,2251000,7621-561-58,דירה בבית,4,22199
652,כפר סבא,הירוקה כס 80,נלקין 12,139.65,2017,2490000,7621-560-2,דירה בבית,5,17830
653,כפר סבא,הירוקה כס 80,0,73,2017,1850000,7621-482-27,דירה בבית,3,25342
654,כפר סבא,הירוקה כס 80,אוסטרובסקי 13,142.03,2017,2750000,7621-456-10,דירה בבית,6,19362
655,כפר סבא,הירוקה כס 80,0,73,2017,1859000,7621-482-101,דירה בבית,3,25466
656,כפר סבא,הירוקה כס 80,0,73,2017,1850000,7621-482-26,דירה,3,25342
657,כפר סבא,הירוקה כס 80,ויינברג 8,139.9,2017,2700000,7621-468-64,דירה בבית,5,19299
658,כפר סבא,הירוקה כס 80,0,72,2017,1860000,7621-482-25,דירה,3,25833
659,כפר סבא,הירוקה כס 80,0,73,2017,1830000,7621-482-24,דירה בבית,3,25068
660,כפר סבא,הירוקה כס 80,0,70,2017,1880000,7621-482-102,דירה בבית,3,26857
661,כפר סבא,הירוקה כס 80,0,72,2017,1830000,7621-482-22,דירה,3,25417
662,כפר סבא,הירוקה כס 80,0,72,2017,1880000,7621-482-23,דירה,3,26111
663,כפר סבא,הירוקה כס 80,סקיבין 10,106,2017,2240000,7621-441-5,דירה בבית,4,21132
664,כפר סבא,הירוקה כס 80,שיינפיין 17,128.5,2017,2750000,7621-478-8,דירה בבית,4,21401
665,כפר סבא,הירוקה כס 80,0,132.56,2017,3059000,7621-559-36,דירה בבית,5,23076
666,כפר סבא,הירוקה כס 80,אברוצקי 3,141,2017,3597000,7621-440-2,דירה בבית,6,25511
667,כפר סבא,הירוקה כס 80,נלקין 12,146.7,2017,3905000,7621-560-53,דירה בבית,6,26619
668,כפר סבא,הירוקה כס 80,0,73,2017,1805000,7621-482-21,דירה בבית,3,24726
669,כפר סבא,הירוקה כס 80,0,73,2017,1800000,7621-482-20,דירה,4,24658
670,כפר סבא,הירוקה כס 80,נלקין 12,111.8,2017,2559000,7621-560-12,דירה בבית,5,22889
671,כפר סבא,הירוקה כס 80,0,121.27,2017,2474000,7621-559-14,דירה בבית,5,20401
672,כפר סבא,הירוקה כס 80,סוסנובסקי 6,105.7,2017,2340000,7621-436-70,דירה בבית,4,22138
673,כפר סבא,הירוקה כס 80,שיינפיין 28,114.32,2017,2935000,7621-474-73,דירה בבית,5,25674
674,כפר סבא,הירוקה כס 80,אנגל 6,115,2017,2208000,7621-449-7,דירה בבית,4,19200
675,כפר סבא,הירוקה כס 80,0,73,2017,1825000,7621-482-103,דירה בבית,3,25000
676,כפר סבא,הירוקה כס 80,0,73,2017,1825000,7621-482-18,דירה,3,25000
677,כפר סבא,הירוקה כס 80,0,73,2017,1870000,7621-482-19,דירה,3,25616
678,כפר סבא,הירוקה כס 80,ויינברג 8,124.5,2017,2560000,7621-468-18,דירה בבית,4,20562
679,כפר סבא,הירוקה כס 80,אנגל 28,108.3,2017,2325000,7621-458-7,דירה בבית,4,21468
680,כפר סבא,הירוקה כס 80,קמינסקי 6,104.64,2017,2379000,7621-463-10,דירה בבית,4,22735
681,כפר סבא,הירוקה כס 80,ויינברג 8,138.6,2017,2690000,7621-468-84,דירה בבית,5,19408
682,כפר סבא,הירוקה כס 80,0,70,2017,1920000,7621-482-105,דירה בבית,3,27429
683,כפר סבא,הירוקה כס 80,שיינפיין 12,90.9,2017,2310000,7621-473-25,דירה בבית,4,25413
684,כפר סבא,הירוקה כס 80,0,73,2017,1920000,7621-482-17,דירה,3,26301
685,כפר סבא,הירוקה כס 80,0,73,2017,1824000,7621-482-106,דירה בבית,3,24986
686,כפר סבא,הירוקה כס 80,שיינפיין 26,127.67,2017,2600000,7621-474-69,דירה בבית,5,20365
687,כפר סבא,הירוקה כס 80,0,73,2017,1825000,7621-482-16,דירה,3,25000
688,כפר סבא,הירוקה כס 80,0,73,2017,1765000,7621-482-107,דירה בבית,3,24178
689,כפר סבא,הירוקה כס 80,0,73,2017,1765000,7621-482-15,דירה,3,24178
690,כפר סבא,הירוקה כס 80,0,144,2017,3269000,7621-482-108,דירה בבית,5,22701
692,כפר סבא,הירוקה כס 80,אנגל 36,112.14,2017,2273000,7621-462-11,דירה בבית,4,20269
694,כפר סבא,הירוקה כס 80,0,73,2017,2000000,7621-482-109,דירה בבית,3,27397
695,כפר סבא,הירוקה כס 80,0,73,2017,2000000,7621-482-12,דירה,3,27397
696,כפר סבא,הירוקה כס 80,זליוונסקי 16,100,2017,2320000,7621-443-14,דירה בבית,4,23200
697,כפר סבא,הירוקה כס 80,זליוונסקי 4,100,2017,2385000,7621-446-51,דירה בבית,4,23850
698,כפר סבא,הירוקה כס 80,0,125,2017,2532000,7621-466-4,דירה בבית,5,20256
699,כפר סבא,הירוקה כס 80,לוונברג 4,101.4,2017,2269000,7621-562-38,דירה בבית,4,22377
700,כפר סבא,הירוקה כס 80,0,73,2017,1821000,7621-482-110,דירה בבית,3,24945
701,כפר סבא,הירוקה כס 80,0,73,2017,1821000,7621-482-11,דירה,3,24945
702,כפר סבא,הירוקה כס 80,אוסטרובסקי 1,104.87,2017,2325000,7621-458-42,דירה בבית,4,22170
703,כפר סבא,הירוקה כס 80,0,73,2017,1933000,7621-482-111,דירה בבית,3.5,26479
704,כפר סבא,הירוקה כס 80,0,73,2017,1933000,7621-482-10,דירה,3,26479
705,כפר סבא,הירוקה כס 80,0,73,2017,1791000,7621-482-112,דירה בבית,3,24534
706,כפר סבא,הירוקה כס 80,0,73,2017,1791000,7621-482-9,דירה,3,24534
707,כפר סבא,הירוקה כס 80,נלקין 12,139.55,2017,2649000,7621-560-27,דירה בבית,5,18982
709,כפר סבא,הירוקה כס 80,0,73,2017,1858000,7621-482-113,דירה בבית,3,25452
710,כפר סבא,הירוקה כס 80,0,73,2017,1858000,7621-482-7,דירה,3,25452
711,כפר סבא,הירוקה כס 80,זליוונסקי 16,100,2017,2205000,7621-443-13,דירה בבית,4,22050
712,כפר סבא,הירוקה כס 80,0,207,2017,3450000,7621-464-15,דירה בבית,7,16667
713,כפר סבא,הירוקה כס 80,נלקין 12,139.55,2017,2570000,7621-560-23,דירה בבית,5,18416
714,כפר סבא,הירוקה כס 80,שיינפיין 2,160,2017,2610000,7621-481-22,דירה בבית,5,16313
715,כפר סבא,הירוקה כס 80,0,73,2017,1856000,7621-482-114,דירה בבית,3,25425
716,כפר סבא,הירוקה כס 80,קמינסקי 7,115.1,2017,2550000,7621-467-53,דירה בבית,4,22155
717,כפר סבא,הירוקה כס 80,0,73,2017,1843000,7621-482-5,דירה,3,25247
718,כפר סבא,הירוקה כס 80,0,73,2017,1856000,7621-482-6,דירה,3,25425
719,כפר סבא,הירוקה כס 80,0,105.51,2017,2164000,7621-559-9,דירה בבית,4,20510
720,כפר סבא,הירוקה כס 80,שיינפיין 30,111.15,2017,2364000,7621-474-104,דירה בבית,4,21269
721,כפר סבא,הירוקה כס 80,נלקין 12,111.8,2017,2620000,7621-560-36,דירה בבית,5,23435
722,כפר סבא,הירוקה כס 80,ויינברג 8,112,2017,2390000,7621-468-13,דירה בבית,4,21339
723,כפר סבא,הירוקה כס 80,0,73,2017,1905000,7621-482-116,דירה בבית,3.5,26096
724,כפר סבא,הירוקה כס 80,0,73,2017,1940000,7621-482-4,דירה בבית,3,26575
725,כפר סבא,הירוקה כס 80,0,73,2017,1940000,7621-482-3,דירה,3,26575
726,כפר סבא,הירוקה כס 80,0,73,2017,1905000,7621-482-2,דירה,3,26096
728,כפר סבא,הירוקה כס 80,סקיבין 4,150,2017,2709000,7621-442-4,דירה בבית,5,18060
729,כפר סבא,הירוקה כס 80,שיינפיין 17,127.5,2017,2814000,7621-478-14,דירה בבית,5,22071
730,כפר סבא,הירוקה כס 80,0,124,2017,2585000,7621-437-27,דירה בבית,5,20847
731,כפר סבא,הירוקה כס 80,0,124,2017,2585000,7621-437-15,דירה,5,20847
732,כפר סבא,הירוקה כס 80,קמינסקי 7,131.1,2017,2799000,7621-467-70,דירה בבית,5,21350
733,כפר סבא,הירוקה כס 80,קמינסקי 6,104.42,2017,2295000,7621-463-38,דירה בבית,4,21979
734,כפר סבא,הירוקה כס 80,קמינסקי 6,136.43,2017,2780000,7621-463-12,דירה בבית,5,20377
736,כפר סבא,הירוקה כס 80,שיינפיין 21,127.7,2017,2470000,7621-478-80,דירה בבית,5,19342
737,כפר סבא,הירוקה כס 80,0,102.93,2017,2229000,7621-559-21,דירה בבית,4,21655
738,כפר סבא,הירוקה כס 80,אנגל 26,131,2017,2785000,7621-475-6,דירה בבית,6,21260
739,כפר סבא,הירוקה כס 80,שיינפיין 21,100.2,2016,2289000,7621-478-77,דירה בבית,4,22844
740,כפר סבא,הירוקה כס 80,לוונברג 4,101.4,2016,2225000,7621-562-35,דירה בבית,4,21943
741,כפר סבא,הירוקה כס 80,שיינפיין 21,127.7,2016,2700000,7621-478-76,דירה בבית,5,21143
742,כפר סבא,הירוקה כס 80,0,124,2016,2570000,7621-437-28,דירה בבית,5,20726
743,כפר סבא,הירוקה כס 80,0,98,2016,2570000,7621-437-14,דירה,5,26224
744,כפר סבא,הירוקה כס 80,קמינסקי 7,97.7,2016,2200000,7621-467-6,דירה בבית,4,22518
745,כפר סבא,הירוקה כס 80,נלקין 10,133.25,2016,2499000,7621-560-102,דירה בבית,5,18754
746,כפר סבא,הירוקה כס 80,אנגל 36,174.33,2016,3524000,7621-462-1,דירת גן,6,20215
748,כפר סבא,הירוקה כס 80,אוסטרובסקי 17,144.5,2016,2900000,7621-456-49,דירה בבית,6,20069
749,כפר סבא,הירוקה כס 80,סקיבין 10,130,2016,3150000,7621-441-24,דירה בבית,4,24231
750,כפר סבא,הירוקה כס 80,לוונברג 4,132.5,2016,2650000,7621-562-40,דירה בבית,5,20000
751,כפר סבא,הירוקה כס 80,נלקין 12,139.65,2016,2200000,7621-560-34,דירה בבית,5,15754
752,כפר סבא,הירוקה כס 80,נלקין 12,139.55,2016,2504000,7621-560-15,דירה בבית,5,17943
753,כפר סבא,הירוקה כס 80,שיינפיין 17,124.3,2016,2750000,7621-478-2,דירה בבית,5,22124
754,כפר סבא,הירוקה כס 80,0,124,2016,2520000,7621-437-29,דירה בבית,5,20323
755,כפר סבא,הירוקה כס 80,0,124,2016,2520000,7621-437-13,דירה,5,20323
756,כפר סבא,הירוקה כס 80,זליוונסקי 16,169,2016,2600000,7621-443-12,דירה בבית,5,15385
757,כפר סבא,הירוקה כס 80,סוסנובסקי 4,135,2016,2730000,7621-581-4,דירה בבית,5,20222
758,כפר סבא,הירוקה כס 80,קמינסקי 6,104.42,2016,2199000,7621-463-9,דירה בבית,4,21059
759,כפר סבא,הירוקה כס 80,שיינפיין 30,142.15,2016,2799000,7621-474-108,דירה בבית,5,19690
760,כפר סבא,הירוקה כס 80,אוסטרובסקי 11,119,2016,2389000,7621-460-41,דירה בבית,5,20076
761,כפר סבא,הירוקה כס 80,קמינסקי 7,109,2016,2153000,7621-467-35,דירה בבית,4,19752
762,כפר סבא,הירוקה כס 80,שיינפיין 2,102,2016,2145000,7621-481-21,דירה בבית,4,21029
763,כפר סבא,הירוקה כס 80,0,73,2016,917000,7621-484-15,דירה בבית,3,12562
764,כפר סבא,הירוקה כס 80,אנגל 26,92.6,2016,2235000,7621-475-9,דירה בבית,4,24136
765,כפר סבא,הירוקה כס 80,נלקין 12,111.8,2016,3120000,7621-560-52,דירה בבית,5,27907
766,כפר סבא,הירוקה כס 80,שיינפיין 13,100,2016,1948000,7621-477-2,דירה בבית,4,19480
767,כפר סבא,הירוקה כס 80,ויינברג 11,109.37,2016,2274000,7621-474-44,דירה בבית,4,20792
768,כפר סבא,הירוקה כס 80,שיינפיין 26,111.96,2016,2380000,7621-474-162,דירה בבית,4,21258
769,כפר סבא,הירוקה כס 80,קמינסקי 7,104.1,2016,2269000,7621-467-51,דירה בבית,4,21796
770,כפר סבא,הירוקה כס 80,0,98,2016,2389000,7621-437-30,דירה בבית,4,24378
771,כפר סבא,הירוקה כס 80,נלקין 12,129.85,2016,2369000,7621-560-21,דירה בבית,5,18244
772,כפר סבא,הירוקה כס 80,נלקין 12,111.8,2016,2600000,7621-560-40,דירה בבית,5,23256
773,כפר סבא,הירוקה כס 80,שיינפיין 13,101,2016,2300000,7621-477-4,דירה בבית,4,22772
774,כפר סבא,הירוקה כס 80,0,124,2016,2280000,7621-437-31,דירה בבית,5,18387
775,כפר סבא,הירוקה כס 80,0,124,2016,2280000,7621-437-12,דירה,5,18387
776,כפר סבא,הירוקה כס 80,לאה ושאול אייזנברג 4,370,2016,6375000,7621-551-1,קוטג' דו משפחתי,5,17230
777,כפר סבא,הירוקה כס 80,ויינברג 8,118.9,2016,2000000,7621-468-27,דירה בבית,4,16821
778,כפר סבא,הירוקה כס 80,נלקין 12,139.55,2016,2570000,7621-560-35,דירה בבית,5,18416
779,כפר סבא,הירוקה כס 80,קמינסקי 6,105.74,2016,2179000,7621-463-34,דירה בבית,4,20607
780,כפר סבא,הירוקה כס 80,נלקין 12,111.8,2016,2514000,7621-560-28,דירה בבית,5,22487
781,כפר סבא,הירוקה כס 80,ויינברג 8,118.9,2016,2270000,7621-468-36,דירה בבית,4,19092
782,כפר סבא,הירוקה כס 80,0,98,2016,2000000,7621-437-32,דירה בבית,4,20408
783,כפר סבא,הירוקה כס 80,0,124,2016,2000000,7621-437-11,דירה,4,16129
784,כפר סבא,הירוקה כס 80,אנגל 45,190.1,2016,3600000,7621-556-56,דירה בבית,6,18937
785,כפר סבא,הירוקה כס 80,0,251,2016,3250000,7621-466-5,דירה בבית,6,12948
786,כפר סבא,הירוקה כס 80,לוונברג 8,101.4,2016,2130000,7621-561-42,דירה בבית,4,21006
787,כפר סבא,הירוקה כס 80,שיינפיין 18,127.5,2016,2300000,7621-479-27,דירה בבית,5,18039
788,כפר סבא,הירוקה כס 80,0,120,2016,2299000,7621-466-6,דירה בבית,5,19158
789,כפר סבא,הירוקה כס 80,שיינפיין 21,127.5,2016,2500000,7621-478-70,דירה בבית,5,19608
790,כפר סבא,הירוקה כס 80,0,100,2016,3629000,7621-437-33,דירה בבית,6,36290
791,כפר סבא,הירוקה כס 80,0,124,2016,3630000,7621-437-10,דירה,6,29274
792,כפר סבא,הירוקה כס 80,0,124,2016,2280000,7621-437-34,דירה בבית,5,18387
793,כפר סבא,הירוקה כס 80,0,97,2016,2280000,7621-437-9,דירה,5,23505
794,כפר סבא,הירוקה כס 80,אנגל 41,114,2016,2619000,7621-557-100,דירה בבית,5,22974
795,כפר סבא,הירוקה כס 80,ויינברג 8,124.8,2016,2270000,7621-468-88,דירה בבית,4,18189
796,כפר סבא,הירוקה כס 80,שיינפיין 32,111.15,2016,850000,7621-474-118,דירה בבית,4,7647
797,כפר סבא,הירוקה כס 80,נלקין 12,101,2016,2059900,7621-560-13,דירה בבית,3,20395
798,כפר סבא,הירוקה כס 80,0,73.22,2016,1455000,7621-486-28,דירה בבית,3,19872
799,כפר סבא,הירוקה כס 80,אוסטרובסקי 11,100.8,2016,2220000,7621-460-34,דירה בבית,4,22024
800,כפר סבא,הירוקה כס 80,לוונברג 8,101.4,2016,1000000,7621-561-63,דירה בבית,4,9862
801,כפר סבא,הירוקה כס 80,קמינסקי 7,197,2016,3460000,7621-467-55,דירה בבית,6,17563
802,כפר סבא,הירוקה כס 80,0,125,2016,2379000,7621-466-7,דירה בבית,5,19032
803,כפר סבא,הירוקה כס 80,אנציקובסקי 1,113.8,2016,2370000,7621-580-6,דירה בבית,5,20826
805,כפר סבא,הירוקה כס 80,סקיבין 10,125,2016,2900000,7621-441-23,דירה בבית,6,23200
806,כפר סבא,הירוקה כס 80,אנגל 6,188,2016,3225000,7621-449-12,דירה בבית,6,17154
807,כפר סבא,הירוקה כס 80,נלקין 12,139.65,2016,2219000,7621-560-46,דירה בבית,5,15890
808,כפר סבא,הירוקה כס 80,שיינפיין 17,101.2,2016,2135000,7621-478-39,דירה בבית,4,21097
809,כפר סבא,הירוקה כס 80,לוונברג 10,101.3,2016,2099000,7621-561-15,דירה בבית,4,20721
810,כפר סבא,הירוקה כס 80,0,124,2016,2269000,7621-437-35,דירה בבית,5,18298
811,כפר סבא,הירוקה כס 80,0,124,2016,2270000,7621-437-8,דירה,5,18306
812,כפר סבא,הירוקה כס 80,0,141,2016,2650000,7621-437-36,דירה בבית,6,18794
813,כפר סבא,הירוקה כס 80,0,188,2016,2650000,7621-437-7,דירה,6,14096
814,כפר סבא,הירוקה כס 80,אנגל 37,88.9,2016,2249000,7621-557-30,דירה בבית,4,25298
815,כפר סבא,הירוקה כס 80,0,98,2016,1950000,7621-437-37,דירה בבית,4,19898
816,כפר סבא,הירוקה כס 80,0,98,2016,1950000,7621-437-6,דירה,4,19898
817,כפר סבא,הירוקה כס 80,זליוונסקי 3,132,2015,2319000,7621-444-7,דירה בבית,5,17568
818,כפר סבא,הירוקה כס 80,0,125,2015,2226000,7621-437-38,דירה בבית,5,17808
819,כפר סבא,הירוקה כס 80,0,124,2015,2226493,7621-437-5,דירה,5,17956
820,כפר סבא,הירוקה כס 80,0,230,2015,3250000,7621-466-8,דירת,7,14130
821,כפר סבא,הירוקה כס 80,ויינברג 13,127.8,2015,2160000,7621-474-119,דירה בבית,5,16901
822,כפר סבא,הירוקה כס 80,אנגל 41,88.9,2015,1980000,7621-557-93,דירה בבית,4,22272
823,כפר סבא,הירוקה כס 80,אנגל 41,89,2015,2140000,7621-557-96,דירה בבית,4,24045
824,כפר סבא,הירוקה כס 80,אוסטרובסקי 9,199,2015,2475000,7621-461-9,דירה בבית,5,12437
825,כפר סבא,הירוקה כס 80,0,125,2015,2650000,7621-466-10,דירה בבית,5,21200
826,כפר סבא,הירוקה כס 80,לוונברג 6,101.4,2015,1600000,7621-561-59,דירה בבית,4,15779
827,כפר סבא,הירוקה כס 80,אנגל 41,114.3,2015,2700000,7621-557-103,דירה בבית,5,23622
828,כפר סבא,הירוקה כס 80,סקיבין 12,138,2015,2685000,7621-446-33,דירה בבית,6,19457
829,כפר סבא,הירוקה כס 80,0,97,2015,2530000,7621-437-4,דירת גן,5,26082
830,כפר סבא,הירוקה כס 80,אנגל 41,114.3,2015,2770000,7621-557-108,דירה בבית,5,24234
831,כפר סבא,הירוקה כס 80,אנגל 41,88.5,2015,2200000,7621-557-91,דירה בבית,4,24859
832,כפר סבא,הירוקה כס 80,לוונברג 10,87.2,2015,2030000,7621-561-23,דירה בבית,4,23280
833,כפר סבא,הירוקה כס 80,אנגל 30,117.37,2015,2790000,7621-458-20,דירה בבית,5,23771
834,כפר סבא,הירוקה כס 80,סקיבין 4,150,2015,2200000,7621-442-13,דירה בבית,5,14667
835,כפר סבא,הירוקה כס 80,0,120,2015,2550000,7621-466-11,דירה בבית,5,21250
836,כפר סבא,הירוקה כס 80,אנגל 41,89,2015,1994000,7621-557-97,דירה בבית,4,22404
837,כפר סבא,הירוקה כס 80,אנגל 39,88.9,2015,2112000,7621-557-63,דירה בבית,4,23757
838,כפר סבא,הירוקה כס 80,אנגל 41,114,2015,2350000,7621-557-106,דירה בבית,5,20614
839,כפר סבא,הירוקה כס 80,אנגל 41,181.6,2015,3349000,7621-557-114,דירה בבית,6,18442
840,כפר סבא,הירוקה כס 80,אנגל 26,131,2015,2320000,7621-475-2,דירה בבית,6,17710
841,כפר סבא,הירוקה כס 80,אנגל 9,127,2015,2135000,7621-446-32,דירה בבית,5,16811
842,כפר סבא,הירוקה כס 80,אנגל 41,114.3,2015,2650000,7621-557-104,דירה בבית,5,23185
843,כפר סבא,הירוקה כס 80,אנגל 41,113,2015,2650000,7621-557-88,דירה בבית,5,23451
844,כפר סבא,הירוקה כס 80,קמינסקי 6,104.64,2015,1985000,7621-463-14,דירה בבית,4,18970
845,כפר סבא,הירוקה כס 80,אנגל 41,114,2015,2300000,7621-557-110,דירה בבית,5,20175
846,כפר סבא,הירוקה כס 80,זליוונסקי 4,128,2015,2200000,7621-446-31,דירה בבית,5,17188
847,כפר סבא,הירוקה כס 80,0,124,2015,2260000,7621-466-12,דירה בבית,5,18226
848,כפר סבא,הירוקה כס 80,אנגל 37,113.4,2015,2310000,7621-557-52,דירה בבית,5,20370
849,כפר סבא,הירוקה כס 80,זליוונסקי 3,157,2015,2100000,7621-444-5,דירה בבית,5,13376
850,כפר סבא,הירוקה כס 80,שיינפיין 2,135,2015,2580000,7621-481-20,דירה בבית,6,19111
851,כפר סבא,הירוקה כס 80,0,154,2015,3350000,7621-437-39,דירה בבית,6,21753
852,כפר סבא,הירוקה כס 80,אנגל 9,127,2015,2675000,7621-446-29,דירה בבית,5,21063
853,כפר סבא,הירוקה כס 80,סקיבין 12,128,2015,2150000,7621-446-28,דירה בבית,5,16797
854,כפר סבא,הירוקה כס 80,קמינסקי 6,134.2,2015,2190000,7621-463-25,דירה בבית,5,16319
855,כפר סבא,הירוקה כס 80,0,98,2015,3350000,7621-437-3,דירה,6,34184
856,כפר סבא,הירוקה כס 80,זליוונסקי 4,131,2015,1233000,7621-446-27,דירת גן,5,9412
857,כפר סבא,הירוקה כס 80,אנגל 35,88.6,2015,2000000,7621-557-10,דירה בבית,4,22573
858,כפר סבא,הירוקה כס 80,אנגל 36,95.2,2015,1900000,7621-462-12,דירה בבית,4,19958
860,כפר סבא,הירוקה כס 80,ויינברג 8,112,2015,2000000,7621-468-7,דירה בבית,4,17857
861,כפר סבא,הירוקה כס 80,0,97,2015,1785000,7621-437-40,דירה בבית,4,18402
862,כפר סבא,הירוקה כס 80,סקיבין 12,130,2015,2175000,7621-446-25,דירה בבית,5,16731
863,כפר סבא,הירוקה כס 80,אנגל 9,132,2015,2560000,7621-446-26,דירה בבית,5,19394
865,כפר סבא,הירוקה כס 80,אוסטרובסקי 17,134.58,2015,2304000,7621-456-62,דירה בבית,5,17120
866,כפר סבא,הירוקה כס 80,סקיבין 12,125,2015,2170000,7621-446-24,דירה בבית,5,17360
867,כפר סבא,הירוקה כס 80,0,124,2015,1785400,7621-437-2,דירה,4,14398
868,כפר סבא,הירוקה כס 80,שיינפיין 17,89.9,2015,1970000,7621-478-23,דירה בבית,4,21913
869,כפר סבא,הירוקה כס 80,זליוונסקי 6,158.15,2015,2720000,7621-440-47,דירה בבית,5,17199
870,כפר סבא,הירוקה כס 80,אנגל 9,150,2015,2900000,7621-446-23,דירת,6,19333
872,כפר סבא,הירוקה כס 80,אנגל 37,113.4,2015,2290000,7621-557-48,דירה בבית,5,20194
873,כפר סבא,הירוקה כס 80,ויינברג 13,127.52,2015,2049000,7621-474-100,דירה בבית,5,16068
874,כפר סבא,הירוקה כס 80,0,150,2015,2435000,7621-466-13,דירה בבית,6,16233
875,כפר סבא,הירוקה כס 80,אנגל 36,175.54,2015,2847000,7621-462-16,דירה בבית,6,16219
876,כפר סבא,הירוקה כס 80,0,100,2015,1890000,7621-466-14,דירה בבית,4,18900
877,כפר סבא,הירוקה כס 80,שיינפיין 2,126,2015,2500000,7621-481-18,דירה בבית,5,19841
879,כפר סבא,הירוקה כס 80,זליוונסקי 5,100,2015,2000000,7621-444-4,דירה בבית,4,20000
881,כפר סבא,הירוקה כס 80,סקיבין 12,131,2015,2420000,7621-446-21,דירת גן,5,18473
882,כפר סבא,הירוקה כס 80,אנגל 35,114,2015,2300000,7621-557-22,דירה בבית,5,20175
883,כפר סבא,הירוקה כס 80,אנגל 37,113.4,2015,2250000,7621-557-47,דירה בבית,5,19841
884,כפר סבא,הירוקה כס 80,סקיבין 12,103,2015,2000000,7621-446-20,דירה בבית,4,19417
885,כפר סבא,הירוקה כס 80,0,97,2015,1734000,7621-437-41,דירה בבית,4,17876
887,כפר סבא,הירוקה כס 80,0,98,2015,1734000,7621-437-1,דירה,4,17694
888,כפר סבא,הירוקה כס 80,אנגל 43,122.1,2015,2549000,7621-556-2,דירה בבית,5,20876
889,כפר סבא,הירוקה כס 80,סקיבין 12,130,2015,2180000,7621-446-19,דירה בבית,5,16769
890,כפר סבא,הירוקה כס 80,אנגל 37,113.4,2015,2229000,7621-557-55,דירה בבית,5,19656
891,כפר סבא,הירוקה כס 80,אברוצקי 3,155.5,2015,2650000,7621-440-23,דירה בבית,5,17042
892,כפר סבא,הירוקה כס 80,אנגל 43,114.4,2015,2129000,7621-556-26,דירה בבית,5,18610
893,כפר סבא,הירוקה כס 80,0,73.71,2015,1496000,7621-486-43,דירה בבית,3,20296
894,כפר סבא,הירוקה כס 80,אנגל 7,125,2015,2100000,7621-446-56,דירה בבית,5,16800
895,כפר סבא,הירוקה כס 80,ויינברג 3,114.4,2015,2547000,7621-473-63,דירת גן,5,22264
897,כפר סבא,הירוקה כס 80,אברוצקי 3,172.5,2015,2830000,7621-440-22,דירה בבית,6,16406
899,כפר סבא,הירוקה כס 80,אנגל 9,125,2015,2100000,7621-446-57,דירה בבית,5,16800
900,כפר סבא,הירוקה כס 80,זליוונסקי 6,131,2015,2220000,7621-440-27,דירה בבית,6,16947
902,כפר סבא,הירוקה כס 80,שיינפיין 2,101,2015,1950000,7621-481-17,דירה בבית,4,19307
904,כפר סבא,הירוקה כס 80,ויינברג 5,183.1,2015,3000000,7621-472-22,דירה בבית,6,16384
905,כפר סבא,הירוקה כס 80,זליוונסקי 16,150,2015,2550000,7621-443-11,דירה בבית,6,17000
906,כפר סבא,הירוקה כס 80,אנגל 9,147,2015,2840000,7621-446-13,דירה בבית,6,19320
907,כפר סבא,הירוקה כס 80,0,100,2015,1870000,7621-437-44,דירה בבית,4,18700
908,כפר סבא,הירוקה כס 80,אנגל 9,125,2015,2315000,7621-446-12,דירת גן,5,18520
909,כפר סבא,הירוקה כס 80,סוסנובסקי 6,121.6,2015,2143000,7621-436-38,דירה בבית,5,17623
910,כפר סבא,הירוקה כס 80,ויינברג 8,170,2015,2900000,7621-468-20,דירה בבית,6,17059
911,כפר סבא,הירוקה כס 80,אנגל 39,114.1,2015,2340000,7621-557-77,דירה בבית,5,20508
912,כפר סבא,הירוקה כס 80,אנגל 39,180.4,2015,3400000,7621-557-85,דירה בבית,6,18847
914,כפר סבא,הירוקה כס 80,אברוצקי 2,100,2015,1985000,7621-446-8,דירה בבית,4,19850
915,כפר סבא,הירוקה כס 80,אנגל 39,114.1,2015,2300000,7621-557-84,דירה בבית,5,20158
916,כפר סבא,הירוקה כס 80,ויינברג 13,187.93,2015,2999000,7621-474-134,דירה בבית,6,15958
917,כפר סבא,הירוקה כס 80,סקיבין 12,103,2015,1770000,7621-446-7,דירה בבית,4,17184
918,כפר סבא,הירוקה כס 80,אנגל 39,88.7,2015,2170000,7621-557-59,דירה בבית,4,24464
919,כפר סבא,הירוקה כס 80,אנגל 45,122.1,2015,2369000,7621-556-30,דירה בבית,5,19402
920,כפר סבא,הירוקה כס 80,זליוונסקי 12,150,2015,2560000,7621-443-10,דירה בבית,6,17067
921,כפר סבא,הירוקה כס 80,שיינפיין 14,200.2,2015,3194000,7621-473-16,דירה בבית,7,15954
922,כפר סבא,הירוקה כס 80,ויינברג 13,187.93,2015,3090000,7621-474-114,דירה בבית,6,16442
923,כפר סבא,הירוקה כס 80,אנגל 5,145,2015,2554100,7621-445-6,דירה,6,17614
924,כפר סבא,הירוקה כס 80,אוסטרובסקי 9,126,2015,1965000,7621-461-3,דירה,5,15595
925,כפר סבא,הירוקה כס 80,אנגל 7,103,2015,895000,7621-446-6,דירה בבית,4,8689
926,כפר סבא,הירוקה כס 80,סקיבין 10,125,2015,2450000,7621-441-20,דירה בבית,6,19600
928,כפר סבא,הירוקה כס 80,שיינפיין 2,120,2015,2050000,7621-481-16,דירה בבית,5,17083
929,כפר סבא,הירוקה כס 80,אנגל 7,127,2015,2108000,7621-446-4,דירה בבית,5,16598
930,כפר סבא,הירוקה כס 80,קמינסקי 7,127,2015,2850000,7621-467-77,דירה בבית,5,22441
931,כפר סבא,הירוקה כס 80,ויינברג 8,128.5,2015,2525000,7621-468-77,דירה בבית,5,19650
932,כפר סבא,הירוקה כס 80,זליוונסקי 12,150,2015,2550000,7621-443-9,דירה בבית,6,17000
933,כפר סבא,הירוקה כס 80,ויינברג 11,187.78,2015,3000000,7621-474-71,דירה בבית,6,15976
934,כפר סבא,הירוקה כס 80,אנגל 5,146,2015,2511750,7621-445-5,דירה,6,17204
935,כפר סבא,הירוקה כס 80,שיינפיין 20,142.2,2015,2300000,7621-479-38,דירה בבית,5,16174
936,כפר סבא,הירוקה כס 80,שיינפיין 2,125,2015,2650000,7621-481-15,דירה בבית,5,21200
937,כפר סבא,הירוקה כס 80,אנגל 7,143,2015,2420000,7621-446-3,דירה בבית,5,16923
938,כפר סבא,הירוקה כס 80,שיינפיין 2,102,2015,1777000,7621-481-14,דירה בבית,4,17422
939,כפר סבא,הירוקה כס 80,אנגל 14,191.04,2015,2750000,7621-447-25,דירה בבית,5,14395
940,כפר סבא,הירוקה כס 80,אנגל 35,113.5,2015,2540000,7621-557-16,דירה בבית,5,22379
942,כפר סבא,הירוקה כס 80,0,152,2015,2229000,7621-466-16,דירה בבית,5,14664
943,כפר סבא,הירוקה כס 80,ויינברג 11,127.92,2015,1980000,7621-474-75,דירה בבית,5,15478
944,כפר סבא,הירוקה כס 80,זליוונסקי 4,131,2015,2330000,7621-446-2,דירת גן,5,17786
945,כפר סבא,הירוקה כס 80,אנגל 41,114.3,2015,2528000,7621-557-112,דירה בבית,5,22117
946,כפר סבא,הירוקה כס 80,שיינפיין 2,209,2015,2400000,7621-481-12,דירה בבית,6,11483
947,כפר סבא,הירוקה כס 80,שיינפיין 2,180,2015,2460000,7621-481-11,דירה בבית,6,13667
